{"cameraMode":{"drawMode":0,"name":"Shaded","section":"Shading Mode"},"sceneLighting":false,"audioPlay":false,"sceneViewState":{"m_AlwaysRefresh":false,"showFog":true,"showSkybox":false,"showFlares":true,"showImageEffects":true,"showParticleSystems":true,"showVisualEffectGraphs":true,"m_FxEnabled":true},"in2DMode":false,"pivot":{"x":-5.960464477539063e-8,"y":0.32475364208221438,"z":1.4901161193847657e-8},"rotation":{"x":-0.04877258092164993,"y":-0.3357757329940796,"z":0.017412515357136728,"w":-0.9405350089073181},"size":0.5671347975730896,"orthographic":false}