{"cameraMode":{"drawMode":0,"name":"Shaded","section":"Shading Mode"},"sceneLighting":true,"audioPlay":false,"sceneViewState":{"m_AlwaysRefresh":false,"showFog":true,"showSkybox":true,"showFlares":true,"showImageEffects":true,"showParticleSystems":true,"showVisualEffectGraphs":true,"m_FxEnabled":true},"in2DMode":false,"pivot":{"x":-0.16518929600715638,"y":0.2780109643936157,"z":125.94075775146485},"rotation":{"x":0.24085429310798646,"y":0.12275683879852295,"z":-0.030730459839105607,"w":0.9624666571617127},"size":0.8601377606391907,"orthographic":false}